,x w = 1,y w = 1,x w = 2,y w = 2
0,0.0,1.0,0.0,1.0
1,0.013013013013013013,0.9999153319409686,0.013013013013013013,0.9996613421012348
2,0.026026026026026026,0.9996613421012348,0.026026026026026026,0.998645597783284
3,0.03903903903903904,0.9992380734904521,0.03903903903903904,0.9969534550258204
4,0.05205205205205205,0.998645597783284,0.05205205205205205,0.9945860599438653
5,0.06506506506506507,0.9978840153072668,0.06506506506506507,0.9915450160115067
6,0.07807807807807808,0.9969534550258204,0.07807807807807808,0.987832382975841
7,0.09109109109109109,0.9958540745164106,0.09109109109109109,0.9834506754618736
8,0.1041041041041041,0.9945860599438653,0.1041041041041041,0.978402861269324
9,0.11711711711711711,0.9931496260288496,0.11711711711711711,0.9726923593624877
10,0.13013013013013014,0.9915450160115067,0.13013013013013014,0.9663230375545181
11,0.14314314314314314,0.9897725016102679,0.14314314314314314,0.9592992098876952
12,0.15615615615615616,0.987832382975841,0.15615615615615616,0.951625633711457
13,0.16916916916916916,0.9857249886403843,0.16916916916916916,0.9433075064601713
14,0.18218218218218218,0.9834506754618736,0.18218218218218218,0.9343504621328309
15,0.19519519519519518,0.981009828563674,0.19519519519519518,0.9247605674770581
16,0.2082082082082082,0.978402861269324,0.2082082082082082,0.91454431788
17,0.22122122122122123,0.975630215032545,0.22122122122122123,0.9037086329689001
18,0.23423423423423423,0.9726923593624877,0.23423423423423423,0.8922608519243258
19,0.24724724724724725,0.9695897917442265,0.24724724724724725,0.8802087285092253
20,0.2602602602602603,0.9663230375545181,0.2602602602602603,0.8675604258171812
21,0.2732732732732733,0.9628926499728355,0.2732732732732733,0.854324510743419
22,0.2862862862862863,0.9592992098876952,0.2862862862862863,0.8405099481823128
23,0.29929929929929927,0.9555433257982919,0.29929929929929927,0.8261260949553213
24,0.3123123123123123,0.951625633711457,0.3123123123123123,0.8111826934734645
25,0.3253253253253253,0.9475467970339604,0.3253253253253253,0.7956898651386348
26,0.3383383383383383,0.9433075064601713,0.3383383383383383,0.779658103488212
27,0.35135135135135137,0.9389084798550985,0.35135135135135137,0.7630982670876238
28,0.36436436436436437,0.9343504621328309,0.36436436436436437,0.7460215721756692
29,0.37737737737737737,0.9296342251303955,0.37737737737737737,0.7284395850675817
30,0.39039039039039036,0.9247605674770581,0.39039039039039036,0.7103642143209813
31,0.4034034034034034,0.9197303144590867,0.4034034034034034,0.691807702670021
32,0.4164164164164164,0.91454431788,0.4164164164164164,0.6727826187331891
33,0.4294294294294294,0.9092034559163272,0.4294294294294294,0.6533018485003855
34,0.44244244244244246,0.9037086329689001,0.44244244244244246,0.6333785866050365
35,0.45545545545545546,0.8980607795097063,0.45545545545545546,0.6130263273871627
36,0.46846846846846846,0.8922608519243258,0.46846846846846846,0.5922588557534474
37,0.48148148148148145,0.8863098323499811,0.48148148148148145,0.5710902378405032
38,0.4944944944944945,0.8802087285092253,0.4944944944944945,0.5495348114876539
39,0.5075075075075075,0.8739585735392986,0.5075075075075075,0.5276071765256913
40,0.5205205205205206,0.8675604258171812,0.5205205205205206,0.5053221848881775
41,0.5335335335335335,0.861015368780371,0.5335335335335335,0.48269493055199636
42,0.5465465465465466,0.854324510743419,0.5465465465465466,0.4597407393139644
43,0.5595595595595596,0.8474889847102518,0.5595595595595596,0.4364751584104268
44,0.5725725725725725,0.8405099481823128,0.5725725725725725,0.41291394598686837
45,0.5855855855855856,0.8333885829625555,0.5855855855855856,0.38907306042467227
46,0.5985985985985985,0.8261260949553213,0.5985985985985985,0.3649686495322572
47,0.6116116116116116,0.8187237139621371,0.6116116116116116,0.34061703960791045
48,0.6246246246246246,0.8111826934734645,0.6246246246246246,0.3160347243817292
49,0.6376376376376376,0.8035043104564393,0.6376376376376376,0.29123835384415625
50,0.6506506506506506,0.7956898651386348,0.6506506506506506,0.2662447229686777
51,0.6636636636636637,0.7877406807878857,0.6636636636636637,0.24107076033632335
52,0.6766766766766766,0.779658103488212,0.6766766766766766,0.21573351666967078
53,0.6896896896896897,0.7714435019118772,0.6896896896896897,0.19025015328412082
54,0.7027027027027027,0.7630982670876238,0.7027027027027027,0.16463793046426894
55,0.7157157157157157,0.7546238121651215,0.7157157157157157,0.13891419577324113
56,0.7287287287287287,0.7460215721756692,0.7287287287287287,0.11309637230291464
57,0.7417417417417418,0.7372930037891937,0.7417417417417418,0.08720194687298402
58,0.7547547547547547,0.7284395850675817,0.7547547547547547,0.061248458186861136
59,0.7677677677677678,0.7194628152143909,0.7677677677677678,0.035253484952433696
60,0.7807807807807807,0.7103642143209813,0.7807807807807807,0.009234633975730188
61,0.7937937937937938,0.7011453231091078,0.7937937937937938,-0.016790471764449713
62,0.8068068068068068,0.691807702670021,0.8068068068068068,-0.042804205052855565
63,0.8198198198198198,0.6823529342001182,0.8198198198198198,-0.06878894637697816
64,0.8328328328328328,0.6727826187331891,0.8328328328328328,-0.09472709586102439
65,0.8458458458458459,0.6630983768693037,0.8458458458458459,-0.12060108518658975
66,0.8588588588588588,0.6533018485003855,0.8588588588588588,-0.1463933894919587
67,0.8718718718718719,0.6433946925325189,0.8718718718718719,-0.17208653924197098
68,0.8848848848848849,0.6333785866050365,0.8848848848848849,-0.19766313206041233
69,0.8978978978978979,0.6232552268064345,0.8978978978978979,-0.2231058445169196
70,0.9109109109109109,0.6130263273871627,0.9109109109109109,-0.2483974438604144
71,0.9239239239239239,0.6026936204693409,0.9239239239239239,-0.2735207996911162
72,0.9369369369369369,0.5922588557534474,0.9369369369369369,-0.29845889556323424
73,0.94994994994995,0.5817238002220324,0.94994994994995,-0.3231948405104738
74,0.9629629629629629,0.5710902378405032,0.9629629629629629,-0.34771188048655516
75,0.975975975975976,0.5603599692550343,0.975975975975976,-0.3719934097129941
76,0.988988988988989,0.5495348114876539,0.988988988988989,-0.3960229819264573
77,1.002002002002002,0.538616597628556,1.002002002002002,-0.4197843215180764
78,1.015015015015015,0.5276071765256913,1.015015015015015,-0.4432613345571759
79,1.028028028028028,0.5165084124716918,1.028028028028028,-0.46643811969194543
80,1.0410410410410411,0.5053221848881775,1.0410410410410411,-0.4892989789196772
81,1.054054054054054,0.4940503880075033,1.054054054054054,-0.5118284282192709
82,1.067067067067067,0.48269493055199636,1.067067067067067,-0.5340112080388069
83,1.08008008008008,0.4712577354107411,1.08008008008008,-0.5558322936310798
84,1.093093093093093,0.4597407393139644,1.093093093093093,-0.5772769052300989
85,1.1061061061061062,0.44814589250507686,1.1061061061061062,-0.5983305180616562
86,1.1191191191191192,0.4364751584104268,1.1191191191191192,-0.6189788721811857
87,1.132132132132132,0.42473051330682077,1.132132132132132,-0.639207982132249
88,1.145145145145145,0.41291394598686837,1.145145145145145,-0.6590041464191071
89,1.1581581581581581,0.4010274574222086,1.1581581581581581,-0.6783539567869574
90,1.1711711711711712,0.38907306042467227,1.1711711711711712,-0.6972443073035587
91,1.1841841841841843,0.37705277930544084,1.1841841841841843,-0.7156624032360851
92,1.197197197197197,0.3649686495322572,1.197197197197197,-0.7335957697172008
93,1.2102102102102101,0.352822717384747,1.2102102102102101,-0.7510322601944859
94,1.2232232232232232,0.34061703960791045,1.2232232232232232,-0.7679600646574863
95,1.2362362362362362,0.32835368306384066,1.2362362362362362,-0.7843677176368218
96,1.2492492492492493,0.3160347243817292,1.2492492492492493,-0.8002441059699289
97,1.2622622622622623,0.3036622496062179,1.2622622622622623,-0.815578476328182
98,1.2752752752752752,0.29123835384415625,1.2752752752752752,-0.8303604425002921
99,1.2882882882882882,0.2787651409098234,1.2882882882882882,-0.8445799924270526
100,1.3013013013013013,0.2662447229686777,1.3013013013013013,-0.8582274949826642
101,1.3143143143143143,0.25367922017968975,1.3143143143143143,-0.871293706498049
102,1.3273273273273274,0.24107076033632335,1.3273273273273274,-0.8837697770217339
103,1.3403403403403402,0.22842147850622338,1.3403403403403402,-0.8956472563140618
104,1.3533533533533533,0.21573351666967078,1.3533533533533533,-0.9069180995706738
105,1.3663663663663663,0.20300902335686927,1.3663663663663663,-0.9175746728713802
106,1.3793793793793794,0.19025015328412082,1.3793793793793794,-0.9276097583507371
107,1.3923923923923924,0.17745906698895436,1.3923923923923924,-0.9370165590868196
108,1.4054054054054055,0.16463793046426894,1.4054054054054055,-0.9457887037048851
109,1.4184184184184183,0.15178891479155301,1.4184184184184183,-0.9539202506928053
110,1.4314314314314314,0.13891419577324113,1.4314314314314314,-0.9614056924253472
111,1.4444444444444444,0.12601595356427317,1.4444444444444444,-0.9682399588945739
112,1.4574574574574575,0.11309637230291464,1.4574574574574575,-0.974418421143841
113,1.4704704704704705,0.10015763974090336,1.4704704704704705,-0.9799368944030629
114,1.4834834834834836,0.08720194687298402,1.4834834834834836,-0.9847916409231225
115,1.4964964964964964,0.0742314875658939,1.4964964964964964,-0.9889793725075091
116,1.5095095095095095,0.061248458186861136,1.5095095095095095,-0.9924972527394647
117,1.5225225225225225,0.04825505723168167,1.5225225225225225,-0.9953428989031342
118,1.5355355355355356,0.035253484952433696,1.5355355355355356,-0.9975143835974171
119,1.5485485485485486,0.022245942984895684,1.5485485485485486,-0.9990102360414256
120,1.5615615615615615,0.009234633975730188,1.5615615615615615,-0.9998294430706686
121,1.5745745745745745,-0.003778238790504711,1.5745745745745745,-0.9999714498232839
122,1.5875875875875876,-0.016790471764449713,1.5875875875875876,-0.9994361601158545
123,1.6006006006006006,-0.02979986150508568,1.6006006006006006,-0.9982239365085555
124,1.6136136136136137,-0.042804205052855565,1.6136136136136137,-0.9963356000595862
125,1.6266266266266267,-0.05580130030270503,1.6266266266266267,-0.9937724297690547
126,1.6396396396396395,-0.06878894637697816,1.6396396396396395,-0.9905361617126904
127,1.6526526526526526,-0.08176494399810641,1.6526526526526526,-0.9866289878659731
128,1.6656656656656657,-0.09472709586102439,1.6656656656656657,-0.9820535546194726
129,1.6786786786786787,-0.10767320700525389,1.6786786786786787,-0.9768129609864075
130,1.6916916916916918,-0.12060108518658975,1.6916916916916918,-0.9709107565036338
131,1.7047047047047046,-0.13350854124832573,1.7047047047047046,-0.9643509388274882
132,1.7177177177177176,-0.1463933894919587,1.7177177177177176,-0.9571379510261113
133,1.7307307307307307,-0.15925344804730507,1.7307307307307307,-0.9492766785700886
134,1.7437437437437437,-0.17208653924197098,1.7437437437437437,-0.9407724460234431
135,1.7567567567567568,-0.1848904899701108,1.7567567567567568,-0.9316310134372248
136,1.7697697697697699,-0.19766313206041233,1.7697697697697699,-0.921858572448136
137,1.7827827827827827,-0.21040230264324639,1.7827827827827827,-0.9114617420848395
138,1.7957957957957957,-0.2231058445169196,1.7957957957957957,-0.9004475642847842
139,1.8088088088088088,-0.23577160651296517,1.8088088088088088,-0.888823499124591
140,1.8218218218218218,-0.2483974438604144,1.8218218218218218,-0.8765974197672245
141,1.834834834834835,-0.2609812185489836,1.834834834834835,-0.8637776071293753
142,1.8478478478478477,-0.2735207996911162,1.8478478478478477,-0.8503727442726646
143,1.8608608608608608,-0.28601406388281986,1.8608608608608608,-0.8363919105224685
144,1.8738738738738738,-0.29845889556323424,1.8738738738738738,-0.8218445753183489
145,1.8868868868868869,-0.3108531873728726,1.8868868868868869,-0.8067405918002515
146,1.8998998998999,-0.3231948405104738,1.8998998998999,-0.7910901901348187
147,1.912912912912913,-0.33548176508840505,1.912912912912913,-0.7749039705863364
148,1.9259259259259258,-0.34771188048655516,1.9259259259259258,-0.7581928963370071
149,1.9389389389389389,-0.35988311570465953,1.9389389389389389,-0.7409682860614133
150,1.951951951951952,-0.3719934097129941,1.951951951951952,-0.723241806260201
151,1.964964964964965,-0.384040711801383,1.964964964964965,-0.7050254633581742
152,1.977977977977978,-0.3960229819264573,1.977977977977978,-0.6863315955721537
153,1.990990990990991,-0.40793819105710855,1.990990990990991,-0.6671728645541081
154,2.004004004004004,-0.4197843215180764,2.004004004004004,-0.6475622468152166
155,2.017017017017017,-0.43155936733161515,2.017017017017017,-0.6275130249366722
156,2.03003003003003,-0.4432613345571759,2.03003003003003,-0.6070387785731828
157,2.043043043043043,-0.4548882416290554,2.043043043043043,-0.5861533752552521
158,2.056056056056056,-0.46643811969194543,2.056056056056056,-0.5648709609964848
159,2.069069069069069,-0.4779090129343299,2.069069069069069,-0.543205950712269
160,2.0820820820820822,-0.4892989789196772,2.0820820820820822,-0.5211730184563225
161,2.095095095095095,-0.5006060889153618,2.095095095095095,-0.49878708748172973
162,2.108108108108108,-0.5118284282192709,2.108108108108108,-0.47606332013318137
163,2.121121121121121,-0.5229640964840314,2.121121121121121,-0.4530171075772813
164,2.134134134134134,-0.5340112080388069,2.134134134134134,-0.4296640593778684
165,2.1471471471471473,-0.5449678922086112,2.1471471471471473,-0.40601999292340696
166,2.16016016016016,-0.5558322936310798,2.16016016016016,-0.38210092271362617
167,2.173173173173173,-0.5666025725706509,2.173173173173173,-0.35792304951264053
168,2.186186186186186,-0.5772769052300989,2.186186186186186,-0.3335027493759189
169,2.199199199199199,-0.5878534840593674,2.199199199199199,-0.30885656255852595
170,2.2122122122122123,-0.5983305180616562,2.2122122122122123,-0.28400118231214033
171,2.225225225225225,-0.6087062330966974,2.225225225225225,-0.25895344357845823
172,2.2382382382382384,-0.6189788721811857,2.2382382382382384,-0.23373031158661467
173,2.2512512512512513,-0.6291466957862957,2.2512512512512513,-0.20834887036237268
174,2.264264264264264,-0.639207982132249,2.264264264264264,-0.18282631115683665
175,2.2772772772772774,-0.6491610274798738,2.2772772772772774,-0.157179920802549
176,2.29029029029029,-0.6590041464191071,2.29029029029029,-0.1314270700048481
177,2.3033033033033035,-0.6687356721543988,2.3033033033033035,-0.1055852015764089
178,2.3163163163163163,-0.6783539567869574,2.3163163163163163,-0.07967181862295744
179,2.329329329329329,-0.6878573715938012,2.329329329329329,-0.053704472688134684
180,2.3423423423423424,-0.6972443073035587,2.3423423423423424,-0.02770075186556132
181,2.3553553553553552,-0.7065131743689756,2.3553553553553552,-0.0016782688861468325
182,2.3683683683683685,-0.7156624032360851,2.3683683683683685,0.024345350811297635
183,2.3813813813813813,-0.7246904446099867,2.3813813813813813,0.0503524810180403
184,2.394394394394394,-0.7335957697172008,2.394394394394394,0.0763255066939446
185,2.4074074074074074,-0.742376870564544,2.4074074074074074,0.10224683589841146
186,2.4204204204204203,-0.7510322601944859,2.4204204204204203,0.12809891170567594
187,2.4334334334334335,-0.7595604729369468,2.4334334334334335,0.1538642240963966
188,2.4464464464464464,-0.7679600646574863,2.4464464464464464,0.17952532181746117
189,2.4594594594594597,-0.7762296130018498,2.4594594594594597,0.20506482420200287
190,2.4724724724724725,-0.7843677176368218,2.4724724724724725,0.2304654329415939
191,2.4854854854854853,-0.7923730004873554,2.4854854854854853,0.2557099438026689
192,2.4984984984984986,-0.8002441059699289,2.4984984984984986,0.2807812582792216
193,2.5115115115115114,-0.8079797012220946,2.5115115115115114,0.30566239517389054
194,2.5245245245245247,-0.815578476328182,2.5245245245245247,0.33033650209959803
195,2.5375375375375375,-0.8230391445411123,2.5375375375375375,0.35478686689393163
196,2.5505505505505504,-0.8303604425002921,2.5505505505505504,0.37899692893856174
197,2.5635635635635636,-0.8375411304455462,2.5635635635635636,0.40295029037600705
198,2.5765765765765765,-0.8445799924270526,2.5765765765765765,0.4266307272161604
199,2.5895895895895897,-0.851475836511248,2.5895895895895897,0.45002220032505913
200,2.6026026026026026,-0.8582274949826642,2.6026026026026026,0.47310886628843757
201,2.6156156156156154,-0.8648338245416651,2.6156156156156154,0.4958750881427272
202,2.6286286286286287,-0.871293706498049,2.6286286286286287,0.5183054459662166
203,2.6416416416416415,-0.8776060469604817,2.6416416416416415,0.5403847473232064
204,2.6546546546546548,-0.8837697770217339,2.6546546546546548,0.5620980375540905
205,2.6676676676676676,-0.8897838529396838,2.6676676676676676,0.5834306099043776
206,2.6806806806806804,-0.8956472563140618,2.6806806806806804,0.6043680154858136
207,2.6936936936936937,-0.9013589942589023,2.6936936936936937,0.6248960730628398
208,2.7067067067067065,-0.9069180995706738,2.7067067067067065,0.6450008786577651
209,2.71971971971972,-0.9123236308920633,2.71971971971972,0.6646688149681552
210,2.7327327327327327,-0.9175746728713802,2.7327327327327327,0.6838865605900408
211,2.745745745745746,-0.9226703363175606,2.745745745745746,0.7026410990407208
212,2.7587587587587588,-0.9276097583507371,2.7587587587587588,0.7209197275750256
213,2.7717717717717716,-0.9323921025483572,2.7717717717717716,0.7387100657890927
214,2.784784784784785,-0.9370165590868196,2.784784784784785,0.7560000640058067
215,2.7977977977977977,-0.9414823448786055,2.7977977977977977,0.7727780114362349
216,2.810810810810811,-0.9457887037048851,2.810810810810811,0.7890325441115339
217,2.823823823823824,-0.9499349063435715,2.823823823823824,0.8047526525799399
218,2.8368368368368366,-0.9539202506928053,2.8368368368368366,0.819927689363649
219,2.84984984984985,-0.9577440618898454,2.84984984984985,0.8345473761705201
220,2.8628628628628627,-0.9614056924253472,2.8628628628628627,0.848601810855723
221,2.875875875875876,-0.9649045222530105,2.875875875875876,0.8620814741286207
222,2.888888888888889,-0.9682399588945739,2.888888888888889,0.8749772360003323
223,2.9019019019019017,-0.9714114375401448,2.9019019019019017,0.8872803619676215
224,2.914914914914915,-0.974418421143841,2.914914914914915,0.8989825189289119
225,2.9279279279279278,-0.9772604005147317,2.9279279279279278,0.9100757808284278
226,2.940940940940941,-0.9799368944030629,2.940940940940941,0.920552634024639
227,2.953953953953954,-0.9824474495817491,2.953953953953954,0.9304059823793669
228,2.966966966966967,-0.9847916409231225,2.966966966966967,0.9396291520641127
229,2.97997997997998,-0.9869690714709213,2.97997997997998,0.9482158960803451
230,2.992992992992993,-0.9889793725075091,2.992992992992993,0.9561603984906928
231,3.006006006006006,-0.9908222036163123,3.006006006006006,0.9634572783581701
232,3.019019019019019,-0.9924972527394647,3.019019019019019,0.9701015933907695
233,3.032032032032032,-0.9940042362306502,3.032032032032032,0.9760888432889562
234,3.045045045045045,-0.9953428989031342,3.045045045045045,0.9814149727937899
235,3.058058058058058,-0.9965130140729768,3.058058058058058,0.9860763744336175
236,3.071071071071071,-0.9975143835974171,3.071071071071071,0.9900698909674698
237,3.084084084084084,-0.9983468379084272,3.084084084084084,0.9933928175235106
238,3.0970970970970972,-0.9990102360414256,3.0970970970970972,0.9960429034310896
239,3.11011011011011,-0.9995044656591476,3.11011011011011,0.9980183537451565
240,3.123123123123123,-0.9998294430706686,3.123123123123123,0.9993178304620066
241,3.136136136136136,-0.999985113245575,3.136136136136136,0.9999404534255311
242,3.149149149149149,-0.9999714498232839,3.149149149149149,0.9998858009233605
243,3.1621621621621623,-0.9997884551175059,3.1621621621621623,0.9991539099724984
244,3.175175175175175,-0.9994361601158545,3.175175175175175,0.9977452762942477
245,3.188188188188188,-0.9989146244745973,3.188188188188188,0.9956608539784515
246,3.201201201201201,-0.9982239365085555,3.201201201201201,0.992902054837273
247,3.214214214214214,-0.9973642131761479,3.214214214214214,0.9894707474489529
248,3.2272272272272273,-0.9963356000595862,3.2272272272272273,0.9853692558921914
249,3.24024024024024,-0.9951382713402227,3.24024024024024,0.9806003581720134
250,3.2532532532532534,-0.9937724297690547,3.2532532532532534,0.9751672843381813
251,3.2662662662662663,-0.9922383066323918,3.2662662662662663,0.9690737142974325
252,3.279279279279279,-0.9905361617126904,3.279279279279279,0.9623237753210184
253,3.2922922922922924,-0.9886662832445638,3.2922922922922924,0.9549220392492402
254,3.305305305305305,-0.9866289878659731,3.305305305305305,0.9468735193948687
255,3.3183183183183185,-0.9844246205646087,3.3183183183183185,0.9381836671475478
256,3.3313313313313313,-0.9820535546194726,3.3313313313313313,0.9288583682814829
257,3.344344344344344,-0.9795161915376674,3.344344344344344,0.9189039389689128
258,3.3573573573573574,-0.9768129609864075,3.3573573573573574,0.9083271215020656
259,3.3703703703703702,-0.9739443207202607,3.3703703703703702,0.8971350797265003
260,3.3833833833833835,-0.9709107565036338,3.3833833833833835,0.8853353941889172
261,3.3963963963963963,-0.9677127820285153,3.3963963963963963,0.8729360570027374
262,3.409409409409409,-0.9643509388274882,3.409409409409409,0.8599454664349158
263,3.4224224224224224,-0.9608257961820298,3.4224224224224224,0.8463724212176628
264,3.4354354354354353,-0.9571379510261113,3.4354354354354353,0.8322261145889254
265,3.4484484484484486,-0.9532880278451155,3.4484484484484486,0.8175161280656592
266,3.4614614614614614,-0.9492766785700886,3.4614614614614614,0.8022524249541186
267,3.4744744744744747,-0.945104582467345,3.4744744744744747,0.786445343601549
268,3.4874874874874875,-0.9407724460234431,3.4874874874874875,0.7701055903938646
269,3.5005005005005003,-0.9362810028255513,3.5005005005005003,0.7532442325040397
270,3.5135135135135136,-0.9316310134372248,3.5135135135135136,0.7358726903961408
271,3.5265265265265264,-0.926823265269616,3.5265265265265264,0.7180027300900659
272,3.5395395395395397,-0.921858572448136,3.5395395395395397,0.6996464551922303
273,3.5525525525525525,-0.9167377756745949,3.5525525525525525,0.6808162986976077
274,3.5655655655655654,-0.9114617420848395,3.5655655655655654,0.661525014568661
275,3.5785785785785786,-0.9060313651019165,3.5785785785785786,0.6417856690968847
276,3.5915915915915915,-0.9004475642847842,3.5915915915915915,0.6216116320528011
277,3.6046046046046047,-0.8947112851725966,3.6046046046046047,0.6010165676303989
278,3.6176176176176176,-0.888823499124591,3.6176176176176176,0.5800144251921637
279,3.6306306306306304,-0.8827852031556007,3.6306306306306304,0.5586194298209505
280,3.6436436436436437,-0.8765974197672245,3.6436436436436437,0.5368460726851113
281,3.6566566566566565,-0.8702611967746813,3.6566566566566565,0.5147091012234012
282,3.66966966966967,-0.8637776071293753,3.66966966966967,0.4922235091562989
283,3.6826826826826826,-0.8571477487372087,3.6826826826826826,0.46940452633053004
284,3.6956956956956954,-0.8503727442726646,3.6956956956956954,0.4462676084036452
285,3.7087087087087087,-0.8434537409886987,3.7087087087087087,0.42282842637566176
286,3.7217217217217216,-0.8363919105224685,3.7217217217217216,0.3991028559748499
287,3.734734734734735,-0.829188448696931,3.734734734734735,0.37510696690484596
288,3.7477477477477477,-0.8218445753183489,3.7477477477477477,0.3508570119603945
289,3.760760760760761,-0.8143615339697311,3.760760760760761,0.3263694160190671
290,3.7737737737737738,-0.8067405918002515,3.7737737737737738,0.30166076491644006
291,3.7867867867867866,-0.7989830393106727,3.7867867867867866,0.27674779421224
292,3.7997997997998,-0.7910901901348187,3.7997997997998,0.25164737785508745
293,3.8128128128128127,-0.7830633808171301,3.8128128128128127,0.22637651675350742
294,3.825825825825826,-0.7749039705863364,3.825825825825826,0.20095232726093948
295,3.838838838838839,-0.7666133411252924,3.838838838838839,0.17539202958256805
296,3.8518518518518516,-0.7581928963370071,3.8518518518518516,0.14971293611179945
297,3.864864864864865,-0.7496440621069131,3.864864864864865,0.1239324397043068
298,3.8778778778778777,-0.7409682860614133,3.8778778778778777,0.0980680018975768
299,3.890890890890891,-0.7321670373227439,3.890890890890891,0.07213714108392846
300,3.903903903903904,-0.723241806260201,3.903903903903904,0.046157420645036175
301,3.9169169169169167,-0.7141941042377652,3.9169169169169167,0.020146437055967747
302,3.92992992992993,-0.7050254633581742,3.92992992992993,-0.005878192033183521
303,3.942942942942943,-0.6957374362034829,3.942942942942943,-0.03189883973000891
304,3.955955955955956,-0.6863315955721537,3.955955955955956,-0.05789788183876316
305,3.968968968968969,-0.6768095342127268,3.968968968968969,-0.08385770879750358
306,3.981981981981982,-0.6671728645541081,3.981981981981982,-0.10976073760533164
307,3.994994994994995,-0.6574232184325292,3.994994994994995,-0.13558942373163013
308,4.008008008008008,-0.6475622468152166,4.008008008008008,-0.16132627299925714
309,4.021021021021021,-0.6375916195208242,4.021021021021021,-0.18695385343362508
310,4.034034034034034,-0.6275130249366722,4.034034034034034,-0.21245480706965494
311,4.047047047047047,-0.6173281697328441,4.047047047047047,-0.23781186170859356
312,4.06006006006006,-0.6070387785731828,4.06006006006006,-0.2630078426167568
313,4.073073073073073,-0.5966465938232441,4.073073073073073,-0.28802568415824137
314,4.086086086086086,-0.5861533752552521,4.086086086086086,-0.312848441353751
315,4.099099099099099,-0.5755608997501043,4.099099099099099,-0.3374593013577007
316,4.112112112112112,-0.5648709609964848,4.112112112112112,-0.3618415948458156
317,4.125125125125125,-0.5540853691871236,4.125125125125125,-0.3859788073055378
318,4.138138138138138,-0.543205950712269,4.138138138138138,-0.40985459022156
319,4.151151151151151,-0.532234547850412,4.151151151151151,-0.43345277214893485
320,4.1641641641641645,-0.5211730184563225,4.1641641641641645,-0.45675736966625147
321,4.177177177177177,-0.5100232356464492,4.177177177177177,-0.4797525982014531
322,4.19019019019019,-0.49878708748172973,4.19019019019019,-0.5024228827229866
323,4.203203203203203,-0.4874664766478762,4.203203203203203,-0.5247528682890111
324,4.216216216216216,-0.47606332013318137,4.216216216216216,-0.5467274304475441
325,4.2292292292292295,-0.4645795489039023,4.2292292292292295,-0.5683316854804933
326,4.242242242242242,-0.4530171075772813,4.242242242242242,-0.5895510004846279
327,4.255255255255255,-0.44137795409224706,4.255255255255255,-0.6103710032826845
328,4.268268268268268,-0.4296640593778684,4.268268268268268,-0.6307775921578632
329,4.281281281281281,-0.4178774070196035,4.281281281281281,-0.6507569454051453
330,4.2942942942942945,-0.40601999292340696,4.2942942942942945,-0.6702955306929531
331,4.307307307307307,-0.3940938249777537,4.307307307307307,-0.6893801142288072
332,4.32032032032032,-0.38210092271362617,4.32032032032032,-0.7079977697227909
333,4.333333333333333,-0.3700433169625381,4.333333333333333,-0.726135887142725
334,4.346346346346346,-0.35792304951264053,4.346346346346346,-0.7437821812551437
335,4.35935935935936,-0.3457421727629724,4.35935935935936,-0.7609246999462779
336,4.372372372372372,-0.3335027493759189,4.372372372372372,-0.7775518323174061
337,4.385385385385385,-0.32120685192792275,4.385385385385385,-0.7936523165491071
338,4.398398398398398,-0.30885656255852595,4.398398398398398,-0.8092152475290627
339,4.411411411411412,-0.2964539726177864,4.411411411411412,-0.8242300842382655
340,4.424424424424425,-0.28400118231214033,4.424424424424425,-0.8386866568906128
341,4.4374374374374375,-0.2715003003487562,4.4374374374374375,-0.8525751738210703
342,4.45045045045045,-0.25895344357845823,4.45045045045045,-0.8658862281177165
343,4.463463463463463,-0.24636273663726563,4.463463463463463,-0.8786108039931946
344,4.476476476476477,-0.23373031158661467,4.476476476476477,-0.8907402828912481
345,4.48948948948949,-0.22105830755232692,4.48948948948949,-0.9022664493242016
346,4.5025025025025025,-0.20834887036237268,4.5025025025025025,-0.9131814964374464
347,4.515515515515515,-0.19560415218350855,4.515515515515515,-0.9234780312971417
348,4.528528528528528,-0.18282631115683665,4.528528528528528,-0.9331490798975671
349,4.541541541541542,-0.17001751103235285,4.541541541541542,-0.9421880918847275
350,4.554554554554555,-0.157179920802549,4.554554554554555,-0.9505889449930088
351,4.5675675675675675,-0.14431571433511906,4.5675675675675675,-0.9583459491918886
352,4.58058058058058,-0.1314270700048481,4.58058058058058,-0.9654538505398815
353,4.593593593593593,-0.11851617032473417,4.593593593593593,-0.9719078347431171
354,4.606606606606607,-0.1055852015764089,4.606606606606607,-0.9777035304161382
355,4.61961961961962,-0.09263635343992467,4.61961961961962,-0.9828370120427067
356,4.632632632632633,-0.07967181862295744,4.632632632632633,-0.9873048026346212
357,4.645645645645645,-0.06669379248950559,4.645645645645645,-0.9911038760867336
358,4.658658658658658,-0.053704472688134684,4.658658658658658,-0.9942316592265787
359,4.671671671671672,-0.04070605877983526,4.671671671671672,-0.9966860335572252
360,4.684684684684685,-0.02770075186556132,4.684684684684685,-0.9984653366921652
361,4.697697697697698,-0.01469075421349904,4.697697697697698,-0.9995683634812771
362,4.7107107107107105,-0.0016782688861468325,4.7107107107107105,-0.9999943668270915
363,4.723723723723723,0.011334500632743622,4.723723723723723,-0.9997430581908127
364,4.736736736736737,0.024345350811297635,4.736736736736737,-0.9988146077877497
365,4.74974974974975,0.037352078442651496,4.74974974974975,-0.997209644472028
366,4.762762762762763,0.0503524810180403,4.762762762762763,-0.9949292553106558
367,4.7757757757757755,0.06334435709975868,4.7757757757757755,-0.9919749848472365
368,4.788788788788788,0.0763255066939446,4.788788788788788,-0.9883488340558252
369,4.801801801801802,0.08929373162311868,4.801801801801802,-0.9840532589856369
370,4.814814814814815,0.10224683589841146,4.814814814814815,-0.9790911690975266
371,4.827827827827828,0.11518262609142901,4.827827827827828,-0.9734659252933641
372,4.8408408408408405,0.12809891170567594,4.8408408408408405,-0.9671813376396429
373,4.853853853853853,0.14099350554748658,4.853853853853853,-0.9602416627868617
374,4.866866866866867,0.1538642240963966,4.866866866866867,-0.9526516010864277
375,4.87987987987988,0.16670888787488855,4.87987987987988,-0.9444162934070357
376,4.892892892892893,0.17952532181746117,4.892892892892893,-0.935541317652674
377,4.905905905905906,0.19231135563894322,4.905905905905906,-0.9260326849846238
378,4.918918918918919,0.20506482420200287,4.918918918918919,-0.9158968357500034
379,4.931931931931932,0.21778356788378006,4.931931931931932,-0.905140635119622
380,4.944944944944945,0.2304654329415939,4.944944944944945,-0.8937713684380874
381,4.957957957957958,0.24310827187764578,4.957957957957958,-0.8817967362893293
382,4.970970970970971,0.2557099438026689,4.970970970970971,-0.8692248492808718
383,4.983983983983984,0.2682683147984593,4.983983983983984,-0.8560642225503895
384,4.996996996996997,0.2807812582792216,4.996996996996997,-0.8423237699982741
385,5.01001001001001,0.29324665535168215,5.01001001001001,-0.8280127982501034
386,5.023023023023023,0.30566239517389054,5.023023023023023,-0.8131410003531208
387,5.036036036036036,0.31802637531266237,5.036036036036036,-0.7977184492109792
388,5.049049049049049,0.33033650209959803,5.049049049049049,-0.7817555907612046
389,5.062062062062062,0.3425906909856128,5.062062062062062,-0.7652632369000008
390,5.075075075075075,0.35478686689393163,5.075075075075075,-0.7482525581591752
391,5.088088088088088,0.366922964571471,5.088088088088088,-0.7307350761401661
392,5.101101101101101,0.37899692893856174,5.101101101101101,-0.7127226557102776
393,5.114114114114114,0.3910067154369491,5.114114114114114,-0.6942274969664175
394,5.127127127127127,0.40295029037600705,5.127127127127127,-0.6752621269717832
395,5.14014014014014,0.4148256312771204,5.14014014014014,-0.655839391271077
396,5.153153153153153,0.4266307272161604,5.153153153153153,-0.6359724451900203
397,5.166166166166166,0.43836357916400726,5.166166166166166,-0.6156747449250423
398,5.1791791791791795,0.45002220032505913,5.1791791791791795,-0.5949600384291847
399,5.192192192192192,0.46160461647366513,5.192192192192192,-0.573842356100401
400,5.205205205205205,0.47310886628843757,5.205205205205205,-0.5523360012785385
401,5.218218218218218,0.48453300168437163,5.218218218218218,-0.5304555405574654
402,5.231231231231231,0.4958750881427272,5.231231231231231,-0.5082157939188852
403,5.2442442442442445,0.5071332050386133,5.2442442442442445,-0.4856318246945276
404,5.257257257257257,0.5183054459662166,5.257257257257257,-0.4627189293635225
405,5.27027027027027,0.5293899190616292,5.27027027027027,-0.4394926271918432
406,5.283283283283283,0.5403847473232064,5.283283283283283,-0.41596864972086867
407,5.296296296296296,0.5512880689294115,5.296296296296296,-0.3921629301121608
408,5.3093093093093096,0.5620980375540905,5.3093093093093096,-0.3680915923556805
409,5.322322322322322,0.5728128226791186,5.322322322322322,-0.34377094034876127
410,5.335335335335335,0.5834306099043776,5.335335335335335,-0.31921744685321196
411,5.348348348348348,0.5939496012549964,5.348348348348348,-0.29444774233806165
412,5.361361361361361,0.6043680154858136,5.361361361361361,-0.26947860371547855
413,5.374374374374375,0.614684088383008,5.374374374374375,-0.24432694297750088
414,5.387387387387387,0.6248960730628398,5.387387387387387,-0.21900979574128393
415,5.4004004004004,0.6350022402674665,5.4004004004004,-0.1935443097105975
416,5.413413413413413,0.6450008786577651,5.413413413413413,-0.167947733061422
417,5.426426426426427,0.6548902951031254,5.426426426426427,-0.1422374027594828
418,5.43943943943944,0.6646688149681552,5.43943943943944,-0.11643073281765665
419,5.4524524524524525,0.6743347823962609,5.4524524524524525,-0.09054520250117508
420,5.465465465465465,0.6838865605900408,5.465465465465465,-0.06459834448864887
421,5.478478478478478,0.6933225320884551,5.478478478478478,-0.038607732996906195
422,5.491491491491492,0.7026410990407208,5.491491491491492,-0.012590971877696104
423,5.504504504504505,0.7118406834768828,5.504504504504505,0.013434317305671236
424,5.5175175175175175,0.7209197275750256,5.5175175175175175,0.03945050721369841
425,5.53053053053053,0.729876693925066,5.53053053053053,0.06543997666996916
426,5.543543543543543,0.7387100657890927,5.543543543543543,0.09138512259625133
427,5.556556556556557,0.7474183473582052,5.556556556556557,0.11726837193534155
428,5.56956956956957,0.7560000640058067,5.56956956956957,0.14307219355356754
429,5.5825825825825826,0.7644537625373141,5.5825825825825826,0.16877911011491237
430,5.595595595595595,0.7727780114362349,5.595595595595595,0.19437170991868327
431,5.608608608608608,0.7809714011065748,5.608608608608608,0.21983265869273325
432,5.621621621621622,0.7890325441115339,5.621621621621622,0.24514471133423923
433,5.634634634634635,0.7969600754084473,5.634634634634635,0.2702907235900758
434,5.647647647647648,0.8047526525799399,5.647647647647648,0.2952536636688989
435,5.66066066066066,0.8124089560612439,5.66066066066066,0.3200166237770403
436,5.673673673673673,0.819927689363649,5.673673673673673,0.3445628315704252
437,5.686686686686687,0.8273075792940456,5.686686686686687,0.3688756615147473
438,5.6996996996997,0.8345473761705201,5.6996996996997,0.39293864614619933
439,5.712712712712713,0.8416458540339744,5.712712712712713,0.41673548722515635
440,5.7257257257257255,0.848601810855723,5.7257257257257255,0.4402500667752242
441,5.738738738738738,0.85541406874104,5.738738738738738,0.4634664580002014
442,5.751751751751752,0.8620814741286207,5.751751751751752,0.48636893607155124
443,5.764764764764765,0.868602897985918,5.764764764764765,0.5089419887790702
444,5.777777777777778,0.8749772360003323,5.777777777777778,0.5311703270375625
445,5.7907907907907905,0.881203408766209,5.7907907907907905,0.5530388952423728
446,5.803803803803803,0.8872803619676215,5.803803803803803,0.5745328814667868
447,5.816816816816817,0.8932070665569054,5.816816816816817,0.5956377274943842
448,5.82982982982983,0.8989825189289119,5.82982982982983,0.616339138679543
449,5.842842842842843,0.9046057410909567,5.842842842842843,0.6366230936294379
450,5.8558558558558556,0.9100757808284278,5.8558558558558556,0.656475853700945
451,5.868868868868868,0.9153917118660303,5.868868868868868,0.675883972306043
452,5.881881881881882,0.920552634024639,5.881881881881882,0.694834304019402
453,5.894894894894895,0.9255576733737291,5.894894894894895,0.7133140134819813
454,5.907907907907908,0.9304059823793669,5.907907907907908,0.7313105840946295
455,5.920920920920921,0.935096740047726,5.920920920920921,0.748811826495769
456,5.933933933933934,0.9396291520641127,5.933933933933934,0.7658058868174468
457,5.946946946946947,0.9440024509274698,5.946946946946947,0.78228125471414
458,5.95995995995996,0.9482158960803451,5.95995995995996,0.7982267711589035
459,5.972972972972973,0.9522687740342927,5.972972972972973,0.8136316360015493
460,5.985985985985986,0.9561603984906928,5.985985985985986,0.8284854152837609
461,5.998998998998999,0.9598901104569674,5.998998998998999,0.8427780483061782
462,6.012012012012012,0.9634572783581701,6.012012012012012,0.856499854442665
463,6.025025025025025,0.9668612981439363,6.025025025025025,0.8696415396971552
464,6.038038038038038,0.9701015933907695,6.038038038038038,0.8821942029986198
465,6.051051051051051,0.9731776153996514,6.051051051051051,0.8941493422299038
466,6.064064064064064,0.9760888432889562,6.064064064064064,0.9054988599863449
467,6.077077077077077,0.9788347840826538,6.077077077077077,0.9162350690602707
468,6.09009009009009,0.9814149727937899,6.09009009009009,0.9263506976476706
469,6.103103103103103,0.9838289725032244,6.103103103103103,0.9358388942735004
470,6.116116116116116,0.9860763744336175,6.116116116116116,0.9446932324322955
471,6.129129129129129,0.9881567980186506,6.129129129129129,0.9529077149409447
472,6.142142142142142,0.9900698909674698,6.142142142142142,0.9604767780006752
473,6.155155155155155,0.9918153293243417,6.155155155155155,0.9673952949655048
474,6.168168168168168,0.9933928175235106,6.168168168168168,0.9736585798145976
475,6.181181181181181,0.9948020884392486,6.181181181181181,0.9792623903261811
476,6.1941941941941945,0.9960429034310896,6.1941941941941945,0.9842029309508695
477,6.207207207207207,0.9971150523842394,6.207207207207207,0.988476855382449
478,6.22022022022022,0.9980183537451565,6.22022022022022,0.9920812688243846
479,6.233233233233233,0.998752654552295,6.233233233233233,0.9950137299505116
480,6.246246246246246,0.9993178304620066,6.246246246246246,0.9972722525585835
481,6.2592592592592595,0.9997137857695969,6.2592592592592595,0.9988553069155589
482,6.272272272272272,0.9999404534255311,6.272272272272272,0.9997618207937131
483,6.285285285285285,0.9999977950467881,6.285285285285285,0.999991180196876
484,6.298298298298298,0.9998858009233605,6.298298298298298,0.9995432297763005
485,6.311311311311311,0.9996044900198986,6.311311311311311,0.998418272935883
486,6.324324324324325,0.9991539099724984,6.324324324324325,0.9966170716266629
487,6.337337337337337,0.9985341370806362,6.337337337337337,0.9941408458307417
488,6.35035035035035,0.9977452762942477,6.35035035035035,0.9909912727349691
489,6.363363363363363,0.9967874611959558,6.363363363363363,0.9871704855949585
490,6.376376376376376,0.9956608539784515,6.376376376376376,0.9826810722901985
491,6.38938938938939,0.9943656454170272,6.38938938938939,0.977526073571242
492,6.402402402402402,0.992902054837273,6.402402402402402,0.9717089810001581
493,6.415415415415415,0.9912703300779361,6.415415415415415,0.9652337345856407
494,6.428428428428428,0.9894707474489529,6.428428428428428,0.9581047201143792
495,6.441441441441442,0.9875036116846599,6.441441441441442,0.9503267661804953
496,6.454454454454455,0.9853692558921914,6.454454454454455,0.9419051409150618
497,6.4674674674674675,0.9830680414950715,6.4674674674674675,0.9328455484179116
498,6.48048048048048,0.9806003581720134,6.48048048048048,0.9231541248941619
499,6.493493493493493,0.9779666237909314,6.493493493493493,0.9128374344980661
500,6.506506506506507,0.9751672843381813,6.506506506506507,0.9019024648870069
501,6.51951951951952,0.9722028138430399,6.51951951951952,0.8903566224886489
502,6.5325325325325325,0.9690737142974325,6.5325325325325325,0.8782077274844435
503,6.545545545545545,0.9657805155709293,6.545545545545545,0.8654640085128997
504,6.558558558558558,0.9623237753210184,6.558558558558558,0.8521340970961961
505,6.571571571571572,0.958704078898675,6.571571571571572,0.838227021793914
506,6.584584584584585,0.9549220392492402,6.584584584584585,0.823752202087855
507,6.597597597597598,0.9509782968086263,6.597597597597598,0.8087194420020715
508,6.61061061061061,0.9468735193948687,6.61061061061061,0.7931389234624499
509,6.623623623623623,0.9426084020950405,6.623623623623623,0.777021199400331
510,6.636636636636637,0.9381836671475478,6.636636636636637,0.7603771866048411
511,6.64964964964965,0.9336000638198305,6.64964964964965,0.7432181583287832
512,6.662662662662663,0.9288583682814829,6.662662662662663,0.7255557366530778
513,6.675675675675675,0.9239593834728204,6.675675675675675,0.7074018846149485
514,6.688688688688688,0.9189039389689128,6.688688688688688,0.6887688981051666
515,6.701701701701702,0.9136928908391072,6.701701701701702,0.6696693975398492
516,6.714714714714715,0.9083271215020656,6.714714714714715,0.6501163193124567
517,6.727727727727728,0.9028075395763379,6.727727727727728,0.6301229070317617
518,6.7407407407407405,0.8971350797265003,6.7407407407407405,0.6097027025517482
519,6.753753753753753,0.891310702504884,6.753753753753753,0.5888695367994995
520,6.766766766766767,0.8853353941889172,6.766766766766767,0.5676375204072905
521,6.77977977977978,0.8792101666141151,6.77977977977978,0.5460210341552403
522,6.792792792792793,0.8729360570027374,6.792792792792793,0.5240347192309728
523,6.8058058058058055,0.8665141277881497,6.8058058058058055,0.5016934673129158
524,6.818818818818818,0.8599454664349158,6.818818818818818,0.47901241048392984
525,6.831831831831832,0.8532311852546497,6.831831831831832,0.4560069109821085
526,6.844844844844845,0.8463724212176628,6.844844844844845,0.4326925507956975
527,6.857857857857858,0.8393703357604314,6.857857857857858,0.4090851211091589
528,6.870870870870871,0.8322261145889254,6.870870870870871,0.3852006116075584
529,6.883883883883883,0.8249409674778244,6.883883883883883,0.3610551996464978
530,6.896896896896897,0.8175161280656592,6.896896896896897,0.3366652392949344
531,6.90990990990991,0.8099528536459141,6.90990990990991,0.3120472502583189
532,6.922922922922923,0.8022524249541186,6.922922922922923,0.2872179066895275
533,6.935935935935936,0.794416145950975,6.935935935935936,0.2621940258952017
534,6.948948948948949,0.786445343601549,6.948948948948949,0.23699255694511723
535,6.961961961961962,0.7783413676505696,6.961961961961962,0.21163056919231846
536,6.974974974974975,0.7701055903938646,6.974974974974975,0.18612524071176537
537,6.987987987987988,0.7617394064459837,6.987987987987988,0.16049384666535907
538,7.001001001001001,0.7532442325040397,7.001001001001001,0.13475374760119987
539,7.014014014014014,0.7446215071078098,7.014014014014014,0.10892237769501223
540,7.027027027027027,0.7358726903961408,7.027027027027027,0.08301723294170893
541,7.04004004004004,0.7269992638596916,7.04004004004004,0.05705585930506696
542,7.053053053053053,0.7180027300900659,7.053053053053053,0.03105584083357599
543,7.066066066066066,0.7088846125253683,7.066066066066066,0.005034787750482852
544,7.079079079079079,0.6996464551922303,7.079079079079079,-0.020989675473892678
545,7.092092092092092,0.6902898224443546,7.092092092092092,-0.046999922059482925
546,7.105105105105105,0.6808162986976077,7.105105105105105,-0.07297833485537959
547,7.118118118118118,0.6712274881617255,7.118118118118118,-0.09890731827220124
548,7.131131131131131,0.661525014568661,7.131131131131131,-0.12476931019986577
549,7.1441441441441444,0.6517105208976273,7.1441441441441444,-0.15054679390268672
550,7.157157157157157,0.6417856690968847,7.157157157157157,-0.17622230988372806
551,7.17017017017017,0.6317521398023089,7.17017017017017,-0.20177846771040786
552,7.183183183183183,0.6216116320528011,7.183183183183183,-0.22719795779330593
553,7.196196196196196,0.6113658630025789,7.196196196196196,-0.25246356311022394
554,7.2092092092092095,0.6010165676303989,7.2092092092092095,-0.2775581708675483
555,7.222222222222222,0.5905654984457657,7.222222222222222,-0.30246478409100874
556,7.235235235235235,0.5800144251921637,7.235235235235235,-0.3271665331380077
557,7.248248248248248,0.5693651345473794,7.248248248248248,-0.3516466871236891
558,7.261261261261261,0.5586194298209505,7.261261261261261,-0.37588866525303233
559,7.2742742742742745,0.5477791306488005,7.2742742742742745,-0.3998760480512887
560,7.287287287287287,0.5368460726851113,7.287287287287287,-0.4235925884851443
561,7.3003003003003,0.5258221072914764,7.3003003003003,-0.4470222229671021
562,7.313313313313313,0.5147091012234012,7.313313313313313,-0.47014908223559715
563,7.326326326326326,0.5035089363141931,7.326326326326326,-0.49295750210349965
564,7.33933933933934,0.4922235091562989,7.33933933933934,-0.5154320340677179
565,7.352352352352352,0.4808547307801457,7.352352352352352,-0.5375574557727072
566,7.365365365365365,0.46940452633053004,7.365365365365365,-0.5593187813208215
567,7.378378378378378,0.45787483474062446,7.378378378378378,-0.5807012714224917
568,7.391391391391391,0.4462676084036452,7.391391391391391,-0.6016904433793815
569,7.404404404404405,0.434584812842241,7.404404404404405,-0.6222720808937487
570,7.4174174174174174,0.42282842637566176,7.4174174174174174,-0.6424322436973632
571,7.43043043043043,0.4110004397847534,7.43043043043043,-0.6621572769934785
572,7.443443443443443,0.3991028559748499,7.443443443443443,-0.6814338207054365
573,7.456456456456457,0.38713768963660694,7.456456456456457,-0.7002488185256603
574,7.46946946946947,0.37510696690484596,7.46946946946947,-0.7185895267588935
575,7.4824824824824825,0.36301272501545095,7.4824824824824825,-0.7364435229537132
576,7.495495495495495,0.3508570119603945,7.495495495495495,-0.7537987143164472
577,7.508508508508508,0.3386418861409375,7.508508508508508,-0.7706433459018166
578,7.521521521521522,0.3263694160190671,7.521521521521522,-0.7869660085747462
579,7.534534534534535,0.3140416797672344,7.534534534534535,-0.8027556467379475
580,7.5475475475475475,0.30166076491644006,7.5475475475475475,-0.8180015658200566
581,7.56056056056056,0.2892287680027429,7.56056056056056,-0.8326934395192311
582,7.573573573573573,0.27674779421224,7.573573573573573,-0.8468213167973193
583,7.586586586586587,0.26421995702458195,7.586586586586587,-0.8603756286198562
584,7.5995995995996,0.25164737785508745,7.5995995995996,-0.8733471944373177
585,7.612612612612613,0.23903218569550633,7.612612612612613,-0.8857272284032579
586,7.625625625625625,0.22637651675350742,7.625625625625625,-0.8975073453250979
587,7.638638638638638,0.21368251409094094,7.638638638638638,-0.9086795663435496
588,7.651651651651652,0.20095232726093948,7.651651651651652,-0.9192363243368246
589,7.664664664664665,0.18818811194392485,7.664664664664665,-0.9291704690459616
590,7.677677677677678,0.17539202958256805,7.677677677677678,-0.9384752719178151
591,7.6906906906906904,0.16256624701578262,7.6906906906906904,-0.947144430662407
592,7.703703703703703,0.14971293611179945,7.703703703703703,-0.9551720735215685
593,7.716716716716717,0.13683427340039048,7.716716716716717,-0.9625527632459744
594,7.72972972972973,0.1239324397043068,7.72972972972973,-0.9692815007778767
595,7.742742742742743,0.11100961976998154,7.742742742742743,-0.9753537286370483
596,7.7557557557557555,0.0980680018975768,7.7557557557557555,-0.9807653340076338
597,7.768768768768768,0.08510977757042455,7.768768768768768,-0.9855126515238257
598,7.781781781781782,0.07213714108392846,7.781781781781782,-0.9895924657524748
599,7.794794794794795,0.05915228917399394,7.794794794794795,-0.9930020133709524
600,7.807807807807808,0.046157420645036175,7.807807807807808,-0.9957389850387943
601,7.8208208208208205,0.03315473599764658,7.8208208208208205,-0.9978015269618528
602,7.833833833833833,0.020146437055967747,7.833833833833833,-0.9991882421478998
603,7.846846846846847,0.007134726594844176,7.846846846846847,-0.9998981913528336
604,7.85985985985986,-0.005878192033183521,7.85985985985986,-0.9999308937168421
605,7.872872872872873,-0.01889011527099109,7.872872872872873,-0.9992863270900973
606,7.885885885885886,-0.03189883973000891,7.885885885885886,-0.9979649280477584
607,7.898898898898898,-0.044902162563336144,7.898898898898898,-0.9959675915942715
608,7.911911911911912,-0.05789788183876316,7.911911911911912,-0.9932956705571693
609,7.924924924924925,-0.07088379691163466,7.924924924924925,-0.9899509746707803
610,7.937937937937938,-0.08385770879750358,7.937937937937938,-0.9859357693504662
611,7.950950950950951,-0.0968174205444951,7.950950950950951,-0.9812527741582208
612,7.963963963963964,-0.10976073760533164,7.963963963963964,-0.975905160960667
613,7.976976976976977,-0.12268546820894549,7.976976976976977,-0.9698965517807037
614,7.98998998998999,-0.13558942373163013,7.98998998998999,-0.9632310163442489
615,8.003003003003004,-0.14847041906765054,8.003003003003004,-0.9559130693237524
616,8.016016016016016,-0.16132627299925714,8.016016016016016,-0.9479476672803383
617,8.02902902902903,-0.17415480856605425,8.02902902902903,-0.939340205306642
618,8.042042042042041,-0.18695385343362508,8.042042042042041,-0.9300965133726373
619,8.055055055055055,-0.19972124026140028,8.055055055055055,-0.920222852376896
620,8.068068068068069,-0.21245480706965494,8.068068068068069,-0.9097259099059913
621,8.08108108108108,-0.22515239760561492,8.08108108108108,-0.8986127957048862
622,8.094094094094094,-0.23781186170859356,8.094094094094094,-0.8868910368613856
623,8.107107107107106,-0.2504310556740794,8.107107107107106,-0.8745685727079322
624,8.12012012012012,-0.2630078426167568,8.12012012012012,-0.8616537494441586
625,8.133133133133134,-0.2755400928323454,8.133133133133134,-0.8481553144838849
626,8.146146146146146,-0.28802568415824137,8.146146146146146,-0.834082410530354
627,8.15915915915916,-0.3004625023328813,8.15915915915916,-0.8194445693837267
628,8.172172172172171,-0.312848441353751,8.172172172172171,-0.8042517054850572
629,8.185185185185185,-0.3251814038340216,8.185185185185185,-0.7885141092010699
630,8.198198198198199,-0.3374593013577007,8.198198198198199,-0.772242439854345
631,8.21121121121121,-0.349680054833282,8.21121121121121,-0.7554477185035857
632,8.224224224224224,-0.3618415948458156,8.224224224224224,-0.7381413204788733
633,8.237237237237236,-0.3739418620073226,8.237237237237236,-0.720334967676993
634,8.25025025025025,-0.3859788073055378,8.25025025025025,-0.7020407206219891
635,8.263263263263264,-0.39795039245086933,8.263263263263264,-0.6832709702963982
636,8.276276276276276,-0.40985459022156,8.276276276276276,-0.6640384297486343
637,8.28928928928929,-0.421689384806974,8.28928928928929,-0.6443561254822316
638,8.302302302302301,-0.43345277214893485,8.302302302302301,-0.6242373886328071
639,8.315315315315315,-0.44514276028109806,8.315315315315315,-0.6036958459386498
640,8.328328328328329,-0.45675736966625147,8.328328328328329,-0.5827454105111346
641,8.34134134134134,-0.46829463353152745,8.34134134134134,-0.5614002724111449
642,8.354354354354355,-0.4797525982014531,8.354354354354355,-0.5396748890379102
643,8.367367367367367,-0.4911293234287672,8.367367367367367,-0.5175839753368028
644,8.38038038038038,-0.5024228827229866,8.38038038038038,-0.495142493832648
645,8.393393393393394,-0.5136313636766198,8.393393393393394,-0.47236564449539187
646,8.406406406406406,-0.5247528682890111,8.406406406406406,-0.44926885444491144
647,8.41941941941942,-0.5357855132877456,8.41941941941942,-0.42586776750197397
648,8.432432432432432,-0.5467274304475441,8.432432432432432,-0.4021782335924516
649,8.445445445445445,-0.5575767669066337,8.445445445445445,-0.37821629801189094
650,8.458458458458459,-0.5683316854804933,8.458458458458459,-0.35399819055780335
651,8.471471471471471,-0.57899036497296,8.471471471471471,-0.32954031453695715
652,8.484484484484485,-0.5895510004846279,8.484484484484485,-0.30485923565514855
653,8.497497497497497,-0.6000118037184723,8.497497497497497,-0.279971670797011
654,8.51051051051051,-0.6103710032826845,8.51051051051051,-0.25489447670337834
655,8.523523523523524,-0.6206268449906227,8.523523523523524,-0.22964463855397121
656,8.536536536536536,-0.6307775921578632,8.536536536536536,-0.20423925846305677
657,8.54954954954955,-0.6408215258962882,8.54954954954955,-0.17869554389590592
658,8.562562562562562,-0.6507569454051453,8.562562562562562,-0.1530307960139296
659,8.575575575575575,-0.6605821682590665,8.575575575575575,-0.12726239795630087
660,8.588588588588589,-0.6702955306929531,8.588588588588589,-0.10140780306610474
661,8.601601601601601,-0.6798953878837161,8.601601601601601,-0.07548452306890262
662,8.614614614614615,-0.6893801142288072,8.614614614614615,-0.04951011621175334
663,8.627627627627627,-0.698748103621484,8.627627627627627,-0.023502175370759826
664,8.64064064064064,-0.7079977697227909,8.64064064064064,0.002521683864892186
665,8.653653653653654,-0.7171275462301759,8.653653653653654,0.028543835124226126
666,8.666666666666666,-0.726135887142725,8.666666666666666,0.054546653193104776
667,8.67967967967968,-0.7350212670229607,8.67967967967968,0.08051252595207688
668,8.692692692692692,-0.7437821812551437,8.692692692692692,0.10642386630531901
669,8.705705705705705,-0.75241714630007,8.705705705705705,0.13226312409268184
670,8.71871871871872,-0.7609246999462779,8.71871871871872,0.15801279797666595
671,8.731731731731731,-0.7693034015576575,8.731731731731731,0.183655447296365
672,8.744744744744745,-0.7775518323174061,8.744744744744745,0.20917370388031117
673,8.757757757757759,-0.7856685954682774,8.757757757757759,0.23455028381019125
674,8.77077077077077,-0.7936523165491071,8.77077077077077,0.259767999127528
675,8.783783783783784,-0.8015016436275618,8.783783783783784,0.2848097694753663
676,8.796796796796796,-0.8092152475290627,8.796796796796796,0.3096586336670445
677,8.80980980980981,-0.8167918220618708,8.80980980980981,0.3342977611743017
678,8.822822822822824,-0.8242300842382655,8.822822822822824,0.3587104635268365
679,8.835835835835836,-0.8315287744918037,8.835835835835836,0.3828802056156818
680,8.84884884884885,-0.8386866568906128,8.84884884884885,0.40679061689270524
681,8.861861861861861,-0.8457025193466722,8.861861861861861,0.4304255024586168
682,8.874874874874875,-0.8525751738210703,8.874874874874875,0.4537688540320565
683,8.887887887887889,-0.8593034565251768,8.887887887887889,0.47680486079223294
684,8.9009009009009,-0.8658862281177165,8.9009009009009,0.4995179200878524
685,8.913913913913914,-0.8723223738977036,8.913913913913914,0.5218926480050499
686,8.926926926926926,-0.8786108039931946,8.926926926926926,0.5439138897871356
687,8.93993993993994,-0.8847504535458502,8.93993993993994,0.5655667300991752
688,8.952952952952954,-0.8907402828912481,8.952952952952954,0.5868365031303612
689,8.965965965965966,-0.8965792777349381,8.965965965965966,0.6077088025274064
690,8.97897897897898,-0.9022664493242016,8.97897897897898,0.6281694911522044
691,8.991991991991991,-0.9078008346154777,8.991991991991991,0.6482047106571157
692,9.005005005005005,-0.9131814964374464,9.005005005005005,0.667800890871468
693,9.018018018018019,-0.9184075236497217,9.018018018018019,0.6869447589928281
694,9.03103103103103,-0.9234780312971417,9.03103103103103,0.7056233485768891
695,9.044044044044044,-0.9283921607596262,9.044044044044044,0.7238240083198553
696,9.057057057057056,-0.9331490798975671,9.057057057057056,0.741534410627352
697,9.07007007007007,-0.9377479831927449,9.07007007007007,0.7587425599641211
698,9.083083083083084,-0.9421880918847275,9.083083083083084,0.7754368009787675
699,9.096096096096096,-0.9464686541027448,9.096096096096096,0.7916058263981226
700,9.10910910910911,-0.9505889449930088,9.10910910910911,0.8072386846858431
701,9.122122122122121,-0.9545482668414538,9.122122122122121,0.8223247874600463
702,9.135135135135135,-0.9583459491918886,9.135135135135135,0.836853916665004
703,9.148148148148149,-0.9619813489595261,9.148148148148149,0.8508162314919792
704,9.16116116116116,-0.9654538505398815,9.16116116116116,0.8642022750445677
705,9.174174174174174,-0.9687628659130182,9.174174174174174,0.8770029807440087
706,9.187187187187186,-0.9719078347431171,9.187187187187186,0.8892096784701088
707,9.2002002002002,-0.9748882244733664,9.2002002002002,0.9008141004336658
708,9.213213213213214,-0.9777035304161382,9.213213213213214,0.9118083867763609
709,9.226226226226226,-0.9803532758384526,9.226226226226226,0.9221850908943703
710,9.23923923923924,-0.9828370120427067,9.23923923923924,0.9319371844820712
711,9.252252252252251,-0.9851543184426528,9.252252252252251,0.9410580622924152
712,9.265265265265265,-0.9873048026346212,9.265265265265265,0.9495415466107764
713,9.278278278278279,-0.9892881004639666,9.278278278278279,0.9573818914392066
714,9.29129129129129,-0.9911038760867336,9.29129129129129,0.9645737863882945
715,9.304304304304305,-0.9927518220265271,9.304304304304305,0.9711123602739788
716,9.317317317317316,-0.9942316592265787,9.317317317317316,0.9769931844168718
717,9.33033033033033,-0.995543137097002,9.33033033033033,0.9822122756418804
718,9.343343343343344,-0.9966860335572252,9.343343343343344,0.9867660989760685
719,9.356356356356356,-0.9976601550735982,9.356356356356356,0.990651570042952
720,9.36936936936937,-0.9984653366921652,9.36936936936937,0.9938660571515976
721,9.382382382382382,-0.9991014420665963,9.382382382382382,0.9964073830791049
722,9.395395395395395,-0.9995683634812771,9.395395395395395,0.9982738265452771
723,9.408408408408409,-0.9998660218695475,9.408408408408409,0.9994641233784689
724,9.421421421421421,-0.9999943668270915,9.421421421421421,0.9999774673718316
725,9.434434434434435,-0.9999533766204725,9.434434434434435,0.999813510829369
726,9.447447447447447,-0.9997430581908127,9.447447447447447,0.9989723648014373
727,9.46046046046046,-0.9993634471526185,9.46046046046046,0.9974545990095292
728,9.473473473473474,-0.9988146077877497,9.473473473473474,0.9952612414603925
729,9.486486486486486,-0.9980966330345338,9.486486486486486,0.9923937777497454
730,9.4994994994995,-0.997209644472028,9.4994994994995,0.988854150056057
731,9.512512512512512,-0.9961537922994328,9.512512512512512,0.9846447558250828
732,9.525525525525525,-0.9949292553106558,9.525525525525525,0.9797684461460322
733,9.538538538538539,-0.9935362408640374,9.538538538538539,0.974228523820485
734,9.551551551551551,-0.9919749848472365,9.551551551551551,0.9680287411253502
735,9.564564564564565,-0.990245751637286,9.564564564564565,0.9611732972713869
736,9.577577577577577,-0.9883488340558252,9.577577577577577,0.9536668355590183
737,9.59059059059059,-0.9862845533195133,9.59059059059059,0.9455144402333437
738,9.603603603603604,-0.9840532589856369,9.603603603603604,0.936721633040506
739,9.616616616616616,-0.9816553288929172,9.616616616616616,0.9272943694877226
740,9.62962962962963,-0.9790911690975266,9.62962962962963,0.917239034809523
741,9.642642642642642,-0.9763612138043319,9.642642642642642,0.9065624396429367
742,9.655655655655655,-0.9734659252933641,9.655655655655655,0.8952718154145312
743,9.66866866866867,-0.9704057938415407,9.66866866866867,0.8833748094424615
744,9.681681681681681,-0.9671813376396429,9.681681681681681,0.8708794797568177
745,9.694694694694695,-0.963793102704566,9.694694694694695,0.8577942896417879
746,9.707707707707707,-0.9602416627868617,9.707707707707707,0.8441281019033542
747,9.72072072072072,-0.9565276192735785,9.72072072072072,0.82989017286636
748,9.733733733733734,-0.9526516010864277,9.733733733733734,0.8150901461050682
749,9.746746746746746,-0.9486142645752831,9.746746746746746,0.7997380459114103
750,9.75975975975976,-0.9444162934070357,9.75975975975976,0.7838442705053682
751,9.772772772772774,-0.9400583984498274,9.772772772772774,0.7674195849921092
752,9.785785785785786,-0.935541317652674,9.785785785785786,0.750475114070603
753,9.7987987987988,-0.9308658159205012,9.7987987987988,0.733022334498681
754,9.811811811811811,-0.9260326849846238,9.811811811811811,0.7150730673196629
755,9.824824824824825,-0.9210427432686711,9.824824824824825,0.6966394698557583
756,9.837837837837839,-0.9158968357500034,9.837837837837839,0.6777340274737371
757,9.85085085085085,-0.9105958338166243,9.85085085085085,0.6583695451283866
758,9.863863863863864,-0.905140635119622,9.863863863863864,0.6385591386895052
759,9.876876876876876,-0.8995321634211683,9.876876876876876,0.6183162260583346
760,9.88988988988989,-0.8937713684380874,9.88988988988989,0.5976545180793826
761,9.902902902902904,-0.8878592256810395,9.902902902902904,0.57658800925387
762,9.915915915915916,-0.8817967362893293,9.915915915915916,0.555130968261026
763,9.92892892892893,-0.8755849268613747,9.92892892892893,0.5332979282936775
764,9.941941941941941,-0.8692248492808718,9.941941941941941,0.5111036772147086
765,9.954954954954955,-0.8627175805386671,9.954954954954955,0.4885632475409832
766,9.967967967967969,-0.8560642225503895,9.967967967967969,0.46569190626160545
767,9.98098098098098,-0.8492659019698535,9.98098098098098,0.44250514449733785
768,9.993993993993994,-0.8423237699982741,9.993993993993994,0.41901866700821055
769,10.007007007007006,-0.835239002189332,10.007007007007006,0.39524838155646175
770,10.02002002002002,-0.8280127982501034,10.02002002002002,0.37121038813193313
771,10.033033033033034,-0.8206463818379129,10.033033033033034,0.3469209680473153
772,10.046046046046046,-0.8131410003531208,10.046046046046046,0.3223965729105479
773,10.05905905905906,-0.8054979247278901,10.05905905905906,0.29765381348187514
774,10.072072072072071,-0.7977184492109792,10.072072072072071,0.2727094484231393
775,10.085085085085085,-0.789803891148571,10.085085085085085,0.24758037294684732
776,10.098098098098099,-0.7817555907612046,10.098098098098099,0.22228360737279992
777,10.11111111111111,-0.773574910916826,10.11111111111111,0.19683628559995034
778,10.124124124124124,-0.7652632369000008,10.124124124124124,0.17125564350133324
779,10.137137137137136,-0.7568219761773438,10.137137137137136,0.14555900724995996
780,10.15015015015015,-0.7482525581591752,10.15015015015015,0.11976378158349991
781,10.163163163163164,-0.7395564339574775,10.163163163163164,0.09388743801580138
782,10.176176176176176,-0.7307350761401661,10.176176176176176,0.06794750300314863
783,10.18918918918919,-0.7217899784817275,10.18918918918919,0.04196154607330556
784,10.202202202202201,-0.7127226557102776,10.202202202202201,0.015947167925421786
785,10.215215215215215,-0.703534643251053,10.215215215215215,-0.010078011491227295
786,10.228228228228229,-0.6942274969664175,10.228228228228229,-0.03609636491148567
787,10.24124124124124,-0.6848027928923944,10.24124124124124,-0.06209026969355253
788,10.254254254254255,-0.6752621269717832,10.254254254254255,-0.08804211975508656
789,10.267267267267266,-0.6656071147839171,10.267267267267266,-0.11393433749805888
790,10.28028028028028,-0.655839391271077,10.28028028028028,-0.13974938571436615
791,10.293293293293294,-0.6459606104616465,10.293293293293294,-0.16546977946403388
792,10.306306306306306,-0.6359724451900203,10.306306306306306,-0.19107809791805325
793,10.31931931931932,-0.6258765868133292,10.31931931931932,-0.21655699615779417
794,10.332332332332332,-0.6156747449250423,10.332332332332332,-0.2418892169229682
795,10.345345345345345,-0.605368647065459,10.345345345345345,-0.26705760230027153
796,10.358358358358359,-0.5949600384291847,10.358358358358359,-0.29204510534468625
797,10.37137137137137,-0.5844506815696017,10.37137137137137,-0.3168348016256562
798,10.384384384384385,-0.573842356100401,10.384384384384385,-0.34140990069028104
799,10.397397397397397,-0.5631368583942398,10.397397397397397,-0.36575375743573174
800,10.41041041041041,-0.5523360012785385,10.41041041041041,-0.3898498833832685
801,10.423423423423424,-0.5414416137285145,10.423423423423424,-0.41368195784612427
802,10.436436436436436,-0.5304555405574654,10.436436436436436,-0.4372338389837744
803,10.44944944944945,-0.5193796421043719,10.44944944944945,-0.4604895747350691
804,10.462462462462462,-0.5082157939188852,10.462462462462462,-0.48343341362279457
805,10.475475475475475,-0.4969658864437164,10.475475475475475,-0.5060498154224223
806,10.488488488488489,-0.4856318246945276,10.488488488488489,-0.5283234616877271
807,10.501501501501501,-0.47421552793733884,10.501501501501501,-0.550239266126222
808,10.514514514514515,-0.4627189293635225,10.514514514514515,-0.5717823848173509
809,10.527527527527527,-0.45114397576245513,10.527527527527527,-0.5929382262664906
810,10.54054054054054,-0.4394926271918432,10.54054054054054,-0.6136924612880231
811,10.553553553553554,-0.42776685664582526,10.553553553553554,-0.6340310327106999
812,10.566566566566566,-0.41596864972086867,10.566566566566566,-0.6539401648987946
813,10.57957957957958,-0.40410000427953086,10.57957957957958,-0.6734063730825663
814,10.592592592592592,-0.3921629301121608,10.592592592592592,-0.692416472491689
815,10.605605605605605,-0.3801594485965558,10.605605605605605,-0.7109575872855253
816,10.618618618618619,-0.3680915923556805,10.618618618618619,-0.729017159274119
817,10.631631631631631,-0.35596140491346584,10.631631631631631,-0.7465829564240632
818,10.644644644644645,-0.34377094034876127,10.644644644644645,-0.7636430811434568
819,10.657657657657657,-0.3315222629475169,10.657657657657657,-0.7801859783403149
820,10.67067067067067,-0.31921744685321196,10.67067067067067,-0.7962004432490336
821,10.683683683683684,-0.3068585757156389,10.683683683683684,-0.8116756290195389
822,10.696696696696696,-0.29444774233806165,10.696696696696696,-0.8266010540640369
823,10.70970970970971,-0.28198704832282273,10.70970970970971,-0.8409666091563641
824,10.722722722722722,-0.26947860371547855,10.722722722722722,-0.8547625642791121
825,10.735735735735735,-0.25692452664747856,10.735735735735735,-0.8679795752139382
826,10.74874874874875,-0.24432694297750088,10.74874874874875,-0.8806086898705381
827,10.761761761761761,-0.23168798593146298,10.761761761761761,-0.8926413543500444
828,10.774774774774775,-0.21900979574128393,10.774774774774775,-0.9040694187387222
829,10.787787787787789,-0.2062945192824763,10.787787787787789,-0.914885142628024
830,10.8008008008008,-0.1935443097105975,10.8008008008008,-0.9250812003572967
831,10.813813813813814,-0.18076132609663742,10.813813813813814,-0.9346506859755702
832,10.826826826826826,-0.167947733061422,10.826826826826826,-0.9435871179190587
833,10.83983983983984,-0.15510570040905072,10.83983983983984,-0.9518844434012356
834,10.852852852852854,-0.1422374027594828,10.852852852852854,-0.9595370425124734
835,10.865865865865866,-0.12934501918028998,10.865865865865866,-0.9665397320265008
836,10.87887887887888,-0.11643073281765665,10.87887887887888,-0.9728877689110869
837,10.891891891891891,-0.10349673052670653,10.891891891891891,-0.9785768535405646
838,10.904904904904905,-0.09054520250117508,10.904904904904905,-0.9836031326080424
839,10.917917917917919,-0.07757834190254286,10.917917917917919,-0.9879632017353043
840,10.93093093093093,-0.06459834448864887,10.93093093093093,-0.9916541077786517
841,10.943943943943944,-0.051607408241864126,10.943943943943944,-0.9946733508291151
842,10.956956956956956,-0.038607732996906195,10.956956956956956,-0.9970188859056792
843,10.96996996996997,-0.02560152006831359,10.96996996996997,-0.9986891243403835
844,10.982982982982984,-0.012590971877696104,10.982982982982984,-0.9996829348543501
845,10.995995995995996,0.0004217084192200102,10.995995995995996,-0.9999996443240183
846,11.00900900900901,0.013434317305671236,11.00900900900901,-0.9996390382370611
847,11.022022022022021,0.02644465127697932,11.022022022022021,-0.9986013608376779
848,11.035035035035035,0.03945050721369841,11.035035035035035,-0.9968873149611639
849,11.048048048048049,0.052449682754670324,11.048048048048049,-0.9944980615578689
850,11.06106106106106,0.06543997666996916,11.06106106106106,-0.9914352189068678
851,11.074074074074074,0.07841918923365436,11.074074074074074,-0.9877008615198726
852,11.087087087087086,0.09138512259625133,11.087087087087086,-0.9832975187361362
853,11.1001001001001,0.10433558115694092,11.1001001001001,-0.9782281730092868
854,11.113113113113114,0.11726837193534155,11.113113113113114,-0.9724962578872688
855,11.126126126126126,0.13018130494286537,11.126126126126126,-0.9661056556867454
856,11.13913913913914,0.14307219355356754,11.13913913913914,-0.9590606948635411
857,11.152152152152151,0.1559388548744089,11.152152152152151,-0.951366147080916
858,11.165165165165165,0.16877911011491237,11.165165165165165,-0.9430272239776366
859,11.178178178178179,0.18159078495609893,11.178178178178179,-0.9340495736380556
860,11.19119119119119,0.19437170991868327,11.19119119119119,-0.9244392767665744
861,11.204204204204204,0.20711972073045049,11.204204204204204,-0.9142028425690804
862,11.217217217217216,0.21983265869273325,11.217217217217216,-0.9033472043441685
863,11.23023023023023,0.23250837104597125,11.23023023023023,-0.8918797147870979
864,11.243243243243244,0.24514471133423923,11.243243243243244,-0.8798081410097051
865,11.256256256256256,0.25773953976872455,11.256256256256256,-0.8671406592796121
866,11.26926926926927,0.2702907235900758,11.26926926926927,-0.8538858494823065
867,11.282282282282281,0.28279613742954424,11.282282282282281,-0.8400526893098607
868,11.295295295295295,0.2952536636688989,11.295295295295295,-0.8256505481801855
869,11.308308308308309,0.307661192799004,11.308308308308309,-0.8106891808909882
870,11.32132132132132,0.3200166237770403,11.32132132132132,-0.7951787210126885
871,11.334334334334335,0.33231786438229227,11.334334334334335,-0.7791296740247847
872,11.347347347347347,0.3445628315704252,11.347347347347347,-0.7625529102003415
873,11.36036036036036,0.3567494518262329,11.36036036036036,-0.7454596572433646
874,11.373373373373374,0.3688756615147473,11.373373373373374,-0.7278614926841152
875,11.386386386386386,0.3809394072306913,11.386386386386386,-0.7097703360374591
876,11.3993993993994,0.39293864614619933,11.3993993993994,-0.6911984407295839
877,11.412412412412412,0.4048713463567305,11.412412412412412,-0.6721583857985768
878,11.425425425425425,0.41673548722515635,11.425425425425425,-0.6526630673744231
879,11.438438438438439,0.4285290597239165,11.438438438438439,-0.6327256899442721
880,11.451451451451451,0.4402500667752242,11.451451451451451,-0.6123597574088212
881,11.464464464464465,0.451896523589249,11.464464464464465,-0.5915790639359026
882,11.477477477477477,0.4634664580002014,11.477477477477477,-0.5703976846174951
883,11.49049049049049,0.4749579108003054,11.49049049049049,-0.5488299659364182
884,11.503503503503504,0.48636893607155124,11.503503503503504,-0.5268905160492546
885,11.516516516516516,0.4976976015152148,11.516516516516516,-0.504594194892005
886,11.52952952952953,0.5089419887790702,11.52952952952953,-0.48195610411520967
887,11.542542542542542,0.5201001937822249,11.542542542542542,-0.4589915768553841
888,11.555555555555555,0.5311703270375625,11.555555555555555,-0.4357161673496179
889,11.568568568568569,0.5421505139716892,11.568568568568569,-0.4121456404004663
890,11.581581581581581,0.5530388952423728,11.581581581581581,-0.38829596069819144
891,11.594594594594595,0.5638336270533999,11.594594594594595,-0.36418328200761524
892,11.607607607607607,0.5745328814667868,11.607607607607607,-0.33982393622694207
893,11.62062062062062,0.5851348467123283,11.62062062062062,-0.3152344223258801
894,11.633633633633634,0.5956377274943842,11.633633633633634,-0.2904313951706515
895,11.646646646646646,0.606039745295893,11.646646646646646,-0.26543165424337833
896,11.65965965965966,0.616339138679543,11.65965965965966,-0.2402521322635181
897,11.672672672672672,0.6265341635860374,11.672672672672672,-0.2149098837190889
898,11.685685685685685,0.6366230936294379,11.685685685685685,-0.18942207331536787
899,11.6986986986987,0.6466042203894939,11.6986986986987,-0.16380596434898936
900,11.711711711711711,0.656475853700945,11.711711711711711,-0.13807890701523107
901,11.724724724724725,0.6662363219397295,11.724724724724725,-0.11225832665644214
902,11.737737737737737,0.675883972306043,11.737737737737737,-0.086361711959608
903,11.75075075075075,0.6854171711042267,11.75075075075075,-0.060406603110958315
904,11.763763763763764,0.694834304019402,11.763763763763764,-0.03441057991574642
905,11.776776776776776,0.7041337763908365,11.776776776776776,-0.00839124989115896
906,11.78978978978979,0.7133140134819813,11.78978978978979,0.017633763659544357
907,11.802802802802804,0.7223734607471233,11.802802802802804,0.04364683358355115
908,11.815815815815816,0.7313105840946295,11.815815815815816,0.06963034081765607
909,11.82882882882883,0.740123870146728,11.82882882882883,0.09556668632194132
910,11.841841841841841,0.748811826495769,11.841841841841841,0.12143830299985954
911,11.854854854854855,0.757372981956953,11.854854854854855,0.14722766759673422
912,11.867867867867869,0.7658058868174468,11.867867867867869,0.17291731256851206
913,11.88088088088088,0.7741091130818759,11.88088088088088,0.19848983791281724
914,11.893893893893894,0.78228125471414,11.893893893893894,0.2239279229542583
915,11.906906906906906,0.7903209278754962,11.906906906906906,0.24921433807597082
916,11.91991991991992,0.7982267711589035,11.91991991991992,0.2743319563895369
917,11.932932932932934,0.8059974458195488,11.932932932932934,0.2992637653352728
918,11.945945945945946,0.8136316360015493,11.945945945945946,0.3239928782051154
919,11.95895895895896,0.8211280489607774,11.95895895895896,0.34850254558026567
920,11.971971971971971,0.8284854152837609,11.971971971971971,0.37277616667581154
921,11.984984984984985,0.8357024891026495,11.984984984984985,0.39679730058472834
922,11.997997997997999,0.8427780483061782,11.997997997997999,0.4205496774135417
923,12.01101101101101,0.8497108947466171,12.01101101101101,0.4440172093021933
924,12.024024024024024,0.856499854442665,12.024024024024024,0.4671840013206124
925,12.037037037037036,0.8631437777782391,12.037037037037036,0.4900343622345804
926,12.05005005005005,0.8696415396971552,12.05005005005005,0.5125528151336773
927,12.063063063063064,0.8759920398936327,12.063063063063064,0.5347241079140155
928,12.076076076076076,0.8821942029986198,12.076076076076076,0.5565332236087401
929,12.08908908908909,0.8882469787618945,12.08908908908909,0.5779653905592671
930,12.102102102102101,0.8941493422299038,12.102102102102101,0.5990060924203395
931,12.115115115115115,0.8999002939193324,12.115115115115115,0.6196410779922016
932,12.128128128128129,0.9054988599863449,12.128128128128129,0.6398563708731406
933,12.14114114114114,0.9109440923914964,12.14114114114114,0.6596382789259342
934,12.154154154154154,0.9162350690602707,12.154154154154154,0.6789734035517581
935,12.167167167167166,0.9213708940392167,12.167167167167166,0.6978486487652508
936,12.18018018018018,0.9263506976476706,12.18018018018018,0.7162512300646521
937,12.193193193193194,0.9311736366250202,12.193193193193194,0.7341686830909301
938,12.206206206206206,0.9358388942735004,12.206206206206206,0.751588872070096
939,12.21921921921922,0.9403456805964929,12.21921921921922,0.7684999980329632
940,12.232232232232231,0.9446932324322955,12.232232232232231,0.7848906068067583
941,12.245245245245245,0.9488808135833584,12.245245245245245,0.8007495967732321
942,12.258258258258259,0.9529077149409447,12.258258258258259,0.8160662263879453
943,12.27127127127127,0.9567732546052102,12.27127127127127,0.830830121455693
944,12.284284284284285,0.9604767780006752,12.284284284284285,0.8450312821571165
945,12.297297297297296,0.9640176579870635,12.297297297297296,0.8586600898217259
946,12.31031031031031,0.9673952949655048,12.31031031031031,0.871707313442792
947,12.323323323323324,0.9706091169800642,12.323323323323324,0.8841641159296403
948,12.336336336336336,0.9736585798145976,12.336336336336336,0.8960220600931583
949,12.34934934934935,0.976543167084907,12.34934934934935,0.9072731143604412
950,12.362362362362362,0.9792623903261811,12.362362362362362,0.9179096582146916
951,12.375375375375375,0.9818157890757128,12.375375375375375,0.9279244873567289
952,12.388388388388389,0.9842029309508695,12.388388388388389,0.9373108185845642
953,12.401401401401401,0.9864234117223127,12.401401401401401,0.9460622943877748
954,12.414414414414415,0.988476855382449,12.414414414414415,0.9541729872535498
955,12.427427427427427,0.9903629142090995,12.427427427427427,0.9616374036814803
956,12.44044044044044,0.9920812688243846,12.44044044044044,0.968450487904402
957,12.453453453453454,0.9936316282488044,12.453453453453454,0.9746076253127401
958,12.466466466466466,0.9950137299505116,12.466466466466466,0.9801046455800595
959,12.47947947947948,0.9962273398897702,12.47947947947948,0.9849378254876954
960,12.492492492492492,0.9972722525585835,12.492492492492492,0.9891038914465425
961,12.505505505505505,0.9981482910154971,12.505505505505505,0.9926000217143146
962,12.518518518518519,0.9988553069155589,12.518518518518519,0.9954238483067506
963,12.531531531531531,0.9993931805354411,12.531531531531531,0.9975734586014896
964,12.544544544544545,0.9997618207937131,12.544544544544545,0.999047396633521
965,12.557557557557557,0.9999611652662644,12.557557557557557,0.9998446640813309
966,12.57057057057057,0.999991180196876,12.57057057057057,0.999964720943082
967,12.583583583583584,0.999851860502936,12.583583583583584,0.9994074859023652
968,12.596596596596596,0.9995432297763005,12.596596596596596,0.9981733363832768
969,12.60960960960961,0.9990653402792987,12.60960960960961,0.996263108294782
970,12.622622622622622,0.998418272935883,12.622622622622622,0.9936780954645429
971,12.635635635635635,0.9976021373179254,12.635635635635635,0.9904200487625854
972,12.64864864864865,0.9966170716266629,12.64864864864865,0.98649117491541
973,12.661661661661661,0.9954632426692963,12.661661661661661,0.9818941350113407
974,12.674674674674675,0.9941408458307417,12.674674674674675,0.9766320426981252
975,12.687687687687687,0.9926501050405466,12.687687687687687,0.9707084620740165
976,12.7007007007007,0.9909912727349691,12.7007007007007,0.964127405273748
977,12.713713713713714,0.9891646298142326,12.713713713713714,0.9568933297510553
978,12.726726726726726,0.9871704855949585,12.726726726726726,0.949011135259572
979,12.73973973973974,0.9850091777577872,12.73973973973974,0.9404861605341439
980,12.752752752752752,0.9826810722901985,12.752752752752752,0.9313241796748286
981,12.765765765765765,0.980186563424534,12.765765765765765,0.9215313982359963
982,12.77877877877878,0.977526073571242,12.77877877877878,0.9111144490232183
983,12.791791791791791,0.9747000532473465,12.791791791791791,0.9000803876007601
984,12.804804804804805,0.9717089810001581,12.804804804804805,0.8884366875127313
985,12.817817817817819,0.9685533633262403,12.817817817817819,0.8761912352211443
986,12.83083083083083,0.9652337345856407,12.83083083083083,0.8633523247642861
987,12.843843843843844,0.9617506569114026,12.843843843843844,0.8499286521390288
988,12.856856856856856,0.9581047201143792,12.856856856856856,0.8359293094109058
989,12.86986986986987,0.9542965415833535,12.86986986986987,0.8213637785558983
990,12.882882882882884,0.9503267661804953,12.882882882882884,0.8062419250381554
991,12.895895895895896,0.9461960661321613,12.895895895895896,0.790573991127955
992,12.90890890890891,0.9419051409150618,12.90890890890891,0.7743705889644449
993,12.921921921921921,0.9374547171378169,12.921921921921921,0.7576426933678885
994,12.934934934934935,0.9328455484179116,12.934934934934935,0.7404016344062282
995,12.947947947947949,0.9280784152540849,12.947947947947949,0.7226590897210672
996,12.96096096096096,0.9231541248941619,12.96096096096096,0.7044270766182117
997,12.973973973973974,0.918073511198355,12.973973973973974,0.685717943928152
998,12.986986986986986,0.9128374344980661,12.986986986986986,0.6665443636420223
999,13.0,0.9074467814501962,13.0,0.6469193223286404
